Designator,Comment,Footprint,LCSC Part
U1,RP2040,Package_DFN_QFN:QFN-56-1EP_7x7mm_P0.4mm_EP5.6x5.6mm,C2040
U2,W25Q16JVSSIQ,Package_SO:SOIC-8_3.9x4.9mm_P1.27mm,C571279
J1,USB_C,Connector_USB:USB_C_Receptacle_HRO_TYPE-C-31-M-12,C165948
Y1,12MHz,Crystal:Crystal_SMD_3225-4Pin_3.2x2.5mm,C9002
C1,10uF,Capacitor_SMD:C_0603_1608Metric,C19702
C2,100nF,Capacitor_SMD:C_0603_1608Metric,C14663
SW1,RESET,Button_Switch_SMD:SW_SPST_CK_RS282G05A3,C318884
D1,LED,LED_SMD:LED_0603_1608Metric,C2286
R1,330R,Resistor_SMD:R_0603_1608Metric,C23138
