Comment,Designator,Footprint,LCSC Part #,Quantity
RP2040,U1,Package_DFN_QFN:QFN-56-1EP_7x7mm_P0.4mm_EP5.6x5.6mm,C2040,1
W25Q16JVSSIQ,U2,Package_SO:SOIC-8_3.9x4.9mm_P1.27mm,C571279,1
USB_C,J1,Connector_USB:USB_C_Receptacle_HRO_TYPE-C-31-M-12,C165948,1
12MHz,Y1,Crystal:Crystal_SMD_3225-4Pin_3.2x2.5mm,C9002,1
10uF,C1,Capacitor_SMD:C_0603_1608Metric,C19702,1
100nF,C2,Capacitor_SMD:C_0603_1608Metric,C14663,1
RESET,SW1,Button_Switch_SMD:SW_SPST_CK_RS282G05A3,C318884,1
LED,D1,LED_SMD:LED_0603_1608Metric,C2286,1
330R,R1,Resistor_SMD:R_0603_1608Metric,C23138,1
