Designator,Quantity,Value,Package,Type,Manufacturer,Part Number,Supplier,LCSC Part Number
"RP2040ObjectDetectionv10_1, RP2040ObjectDetectionv10_2, RP2040ObjectDetectionv10_3",3,RP2040 Object Detection v1.0,SMD,RP2040,Generic,GENERIC-RP2040,LCSC,N/A
RP2040_1,1,RP2040,SMD,RP2040,Generic,GENERIC-RP2040,LCSC,N/A
FLASH_1,1,FLASH,SMD,FLASH,Generic,GENERIC-FLASH,LCSC,N/A
BATTERYPOWER_1,1,BATTERY POWER,SMD,Unknown,Generic,GENERIC-Unknown,LCSC,N/A
TP4056_1,1,TP4056,SMD,Unknown,Generic,GENERIC-Unknown,LCSC,N/A
MCP1700_1,1,MCP1700,SMD,Unknown,Generic,GENERIC-Unknown,LCSC,N/A
CAMERA_1,1,CAMERA,SMD,Unknown,Generic,GENERIC-Unknown,LCSC,N/A
OV2640_1,1,OV2640,SMD,Unknown,Generic,GENERIC-Unknown,LCSC,N/A
XTAL_1,1,XTAL,SMD,XTAL,Generic,GENERIC-XTAL,LCSC,N/A
DEBUGPROG_1,1,DEBUG/PROG,SMD,Unknown,Generic,GENERIC-Unknown,LCSC,N/A
USB_1,1,USB,SMD,USB,Generic,GENERIC-USB,LCSC,N/A
AUDIO_1,1,AUDIO,SMD,Unknown,Generic,GENERIC-Unknown,LCSC,N/A
DRIVER_1,1,DRIVER,SMD,DRIVER,Generic,GENERIC-DRIVER,LCSC,N/A
ONOFF_1,1,ON/OFF,SMD,Unknown,Generic,GENERIC-Unknown,LCSC,N/A
R1_1,1,R1,SMD,Unknown,Generic,GENERIC-Unknown,LCSC,N/A
